<?xml version="1.0" encoding="utf-8"?>
<parameters>
	<networkName>Ursy_TM</networkName>
	<computationOptions>
		<networkType>stochastic</networkType>
		<calculationDimension>2D</calculationDimension>
		<maxIterationNbr>15</maxIterationNbr>
		<interruptionCondition>0.003</interruptionCondition>
		<robust>true</robust>
		<robustLimit>3.5</robustLimit>
		<refractionk>0.13</refractionk>
		<sigmaRefractionk>0.02</sigmaRefractionk>
	</computationOptions>
	<groups>
		<distanceGroups>
			<distanceGroup>
				<distanceGroupName>PolA_dist</distanceGroupName>
				<stdDev>
					<mm>5.0</mm>
					<ppm>5.0</ppm>
				</stdDev>
				<additionalUnknowns>
					<scaleFactor>false</scaleFactor>
					<additionConstant>false</additionConstant>
				</additionalUnknowns>
			</distanceGroup>
			<distanceGroup>
				<distanceGroupName>PolC_dist</distanceGroupName>
				<stdDev>
					<mm>5.0</mm>
					<ppm>5.0</ppm>
				</stdDev>
				<additionalUnknowns>
					<scaleFactor>false</scaleFactor>
					<additionConstant>false</additionConstant>
				</additionalUnknowns>
			</distanceGroup>
			<distanceGroup>
				<distanceGroupName>PolD_dist</distanceGroupName>
				<stdDev>
					<mm>5.0</mm>
					<ppm>5.0</ppm>
				</stdDev>
				<additionalUnknowns>
					<scaleFactor>false</scaleFactor>
					<additionConstant>false</additionConstant>
				</additionalUnknowns>
			</distanceGroup>
			<distanceGroup>
				<distanceGroupName>PolE_dist</distanceGroupName>
				<stdDev>
					<mm>5.0</mm>
					<ppm>5.0</ppm>
				</stdDev>
				<additionalUnknowns>
					<scaleFactor>false</scaleFactor>
					<additionConstant>false</additionConstant>
				</additionalUnknowns>
			</distanceGroup>
			<distanceGroup>
				<distanceGroupName>PolF_dist</distanceGroupName>
				<stdDev>
					<mm>5.0</mm>
					<ppm>5.0</ppm>
				</stdDev>
				<additionalUnknowns>
					<scaleFactor>false</scaleFactor>
					<additionConstant>false</additionConstant>
				</additionalUnknowns>
			</distanceGroup>
			<distanceGroup>
				<distanceGroupName>PolG_dist</distanceGroupName>
				<stdDev>
					<mm>20.0</mm>
					<ppm>5.0</ppm>
				</stdDev>
				<additionalUnknowns>
					<scaleFactor>false</scaleFactor>
					<additionConstant>false</additionConstant>
				</additionalUnknowns>
			</distanceGroup>
			<distanceGroup>
				<distanceGroupName>PolH_dist</distanceGroupName>
				<stdDev>
					<mm>30.0</mm>
					<ppm>100.0</ppm>
				</stdDev>
				<additionalUnknowns>
					<scaleFactor>false</scaleFactor>
					<additionConstant>false</additionConstant>
				</additionalUnknowns>
			</distanceGroup>
		</distanceGroups>
		<directionGroups>
			<directionGroup>
				<directionGroupName>PolA_dir</directionGroupName>
				<horizStdDev>
					<cc>10.0</cc>
				</horizStdDev>
				<zenithStdDev>
					<cc>10.0</cc>
				</zenithStdDev>
			</directionGroup>
			<directionGroup>
				<directionGroupName>PolC_dir</directionGroupName>
				<horizStdDev>
					<cc>10.0</cc>
				</horizStdDev>
				<zenithStdDev>
					<cc>10.0</cc>
				</zenithStdDev>
			</directionGroup>
			<directionGroup>
				<directionGroupName>PolD_dir</directionGroupName>
				<horizStdDev>
					<cc>10.0</cc>
				</horizStdDev>
				<zenithStdDev>
					<cc>10.0</cc>
				</zenithStdDev>
			</directionGroup>
			<directionGroup>
				<directionGroupName>PolE_dir</directionGroupName>
				<horizStdDev>
					<cc>10.0</cc>
				</horizStdDev>
				<zenithStdDev>
					<cc>10.0</cc>
				</zenithStdDev>
			</directionGroup>
			<directionGroup>
				<directionGroupName>PolF_dir</directionGroupName>
				<horizStdDev>
					<cc>10.0</cc>
				</horizStdDev>
				<zenithStdDev>
					<cc>10.0</cc>
				</zenithStdDev>
			</directionGroup>
			<directionGroup>
				<directionGroupName>PolG_dir</directionGroupName>
				<horizStdDev>
					<cc>50.0</cc>
				</horizStdDev>
				<zenithStdDev>
					<cc>50.0</cc>
				</zenithStdDev>
			</directionGroup>
			<directionGroup>
				<directionGroupName>PolH_dir</directionGroupName>
				<horizStdDev>
					<cc>100.0</cc>
				</horizStdDev>
				<zenithStdDev>
					<cc>100.0</cc>
				</zenithStdDev>
			</directionGroup>
		</directionGroups>
		<centringGroups>
			<centringGroup>
				<centringGroupName>PolA_cent</centringGroupName>
				<stationCentring>
					<planiStdDev>
						<mm>3.0</mm>
					</planiStdDev>
					<altiStdDev>
						<mm>3.0</mm>
					</altiStdDev>
				</stationCentring>
				<targetCentring>
					<planiStdDev>
						<mm>5.0</mm>
					</planiStdDev>
					<altiStdDev>
						<mm>5.0</mm>
					</altiStdDev>
				</targetCentring>
			</centringGroup>
			<centringGroup>
				<centringGroupName>PolC_cent</centringGroupName>
				<stationCentring>
					<planiStdDev>
						<mm>3.0</mm>
					</planiStdDev>
					<altiStdDev>
						<mm>3.0</mm>
					</altiStdDev>
				</stationCentring>
				<targetCentring>
					<planiStdDev>
						<mm>5.0</mm>
					</planiStdDev>
					<altiStdDev>
						<mm>5.0</mm>
					</altiStdDev>
				</targetCentring>
			</centringGroup>
			<centringGroup>
				<centringGroupName>PolD_cent</centringGroupName>
				<stationCentring>
					<planiStdDev>
						<mm>3.0</mm>
					</planiStdDev>
					<altiStdDev>
						<mm>3.0</mm>
					</altiStdDev>
				</stationCentring>
				<targetCentring>
					<planiStdDev>
						<mm>5.0</mm>
					</planiStdDev>
					<altiStdDev>
						<mm>5.0</mm>
					</altiStdDev>
				</targetCentring>
			</centringGroup>
			<centringGroup>
				<centringGroupName>PolE_cent</centringGroupName>
				<stationCentring>
					<planiStdDev>
						<mm>3.0</mm>
					</planiStdDev>
					<altiStdDev>
						<mm>3.0</mm>
					</altiStdDev>
				</stationCentring>
				<targetCentring>
					<planiStdDev>
						<mm>5.0</mm>
					</planiStdDev>
					<altiStdDev>
						<mm>5.0</mm>
					</altiStdDev>
				</targetCentring>
			</centringGroup>
			<centringGroup>
				<centringGroupName>PolF_cent</centringGroupName>
				<stationCentring>
					<planiStdDev>
						<mm>3.0</mm>
					</planiStdDev>
					<altiStdDev>
						<mm>3.0</mm>
					</altiStdDev>
				</stationCentring>
				<targetCentring>
					<planiStdDev>
						<mm>5.0</mm>
					</planiStdDev>
					<altiStdDev>
						<mm>5.0</mm>
					</altiStdDev>
				</targetCentring>
			</centringGroup>
			<centringGroup>
				<centringGroupName>PolG_cent</centringGroupName>
				<stationCentring>
					<planiStdDev>
						<mm>3.0</mm>
					</planiStdDev>
					<altiStdDev>
						<mm>3.0</mm>
					</altiStdDev>
				</stationCentring>
				<targetCentring>
					<planiStdDev>
						<mm>5.0</mm>
					</planiStdDev>
					<altiStdDev>
						<mm>5.0</mm>
					</altiStdDev>
				</targetCentring>
			</centringGroup>
			<centringGroup>
				<centringGroupName>PolH_cent</centringGroupName>
				<stationCentring>
					<planiStdDev>
						<mm>3.0</mm>
					</planiStdDev>
					<altiStdDev>
						<mm>3.0</mm>
					</altiStdDev>
				</stationCentring>
				<targetCentring>
					<planiStdDev>
						<mm>5.0</mm>
					</planiStdDev>
					<altiStdDev>
						<mm>5.0</mm>
					</altiStdDev>
				</targetCentring>
			</centringGroup>
		</centringGroups>
		<gnssGroups>
			<gnssGroup>
				<gnssGroupName>groupeGNSSParDefaut</gnssGroupName>
				<planiStdDev>
					<mm>20.0</mm>
				</planiStdDev>
				<altiStdDev>
					<mm>40.0</mm>
				</altiStdDev>
				<unknownParameters>
					<Etranslation>false</Etranslation>
					<Ntranslation>false</Ntranslation>
					<Htranslation>false</Htranslation>
					<horizRotation>false</horizRotation>
					<horizScaleFactor>false</horizScaleFactor>
				</unknownParameters>
			</gnssGroup>
		</gnssGroups>
		<localSystemGroups>
			<localSystemGroup>
				<localSystemGroupName>groupeSystemeLocalParDefaut</localSystemGroupName>
				<planiStdDev>
					<mm>20.0</mm>
				</planiStdDev>
				<altiStdDev>
					<mm>30.0</mm>
				</altiStdDev>
				<unknownParameters>
					<Etranslation>true</Etranslation>
					<Ntranslation>true</Ntranslation>
					<Htranslation>false</Htranslation>
					<horizRotation>true</horizRotation>
					<horizScaleFactor>false</horizScaleFactor>
				</unknownParameters>
			</localSystemGroup>
			<localSystemGroup>
				<localSystemGroupName>groupeLeveOrthoParDefaut</localSystemGroupName>
				<planiStdDev>
					<mm>30.0</mm>
				</planiStdDev>
				<altiStdDev>
					<mm>30.0</mm>
				</altiStdDev>
				<unknownParameters>
					<Etranslation>true</Etranslation>
					<Ntranslation>true</Ntranslation>
					<Htranslation>false</Htranslation>
					<horizRotation>true</horizRotation>
					<horizScaleFactor>true</horizScaleFactor>
				</unknownParameters>
			</localSystemGroup>
		</localSystemGroups>
		<simpleMeasureGroups>
			<simpleMeasureGroup>
				<simpleMeasureGroupName>groupeCoteParDefaut</simpleMeasureGroupName>
				<planiStdDev>
					<mm>30.0</mm>
				</planiStdDev>
				<altiStdDev>
					<mm>15.0</mm>
				</altiStdDev>
			</simpleMeasureGroup>
			<simpleMeasureGroup>
				<simpleMeasureGroupName>groupeSystemeLocalParDefaut</simpleMeasureGroupName>
				<planiStdDev>
					<mm>24.0</mm>
				</planiStdDev>
				<altiStdDev>
					<mm>15.0</mm>
				</altiStdDev>
			</simpleMeasureGroup>
		</simpleMeasureGroups>
	</groups>
	<planimetricControlPoints>
		<point>
			<pointName>2470005</pointName>
			<planiStdDev>
				<mm>20.0</mm>
			</planiStdDev>
		</point>
		<point>
			<pointName>2470062</pointName>
			<planiStdDev>
				<mm>20.0</mm>
			</planiStdDev>
		</point>
		<point>
			<pointName>2470165</pointName>
			<planiStdDev>
				<mm>20.0</mm>
			</planiStdDev>
		</point>
		<point>
			<pointName>2470211</pointName>
			<planiStdDev>
				<mm>20.0</mm>
			</planiStdDev>
		</point>
		<point>
			<pointName>2470226</pointName>
			<planiStdDev>
				<mm>20.0</mm>
			</planiStdDev>
		</point>
		<point>
			<pointName>2470229</pointName>
			<planiStdDev>
				<mm>20.0</mm>
			</planiStdDev>
		</point>
		<point>
			<pointName>2470230</pointName>
			<planiStdDev>
				<mm>20.0</mm>
			</planiStdDev>
		</point>
		<point>
			<pointName>2470250</pointName>
			<planiStdDev>
				<mm>20.0</mm>
			</planiStdDev>
		</point>
		<point>
			<pointName>2470336</pointName>
			<planiStdDev>
				<mm>20.0</mm>
			</planiStdDev>
		</point>
		<point>
			<pointName>2470339</pointName>
			<planiStdDev>
				<mm>20.0</mm>
			</planiStdDev>
		</point>
		<point>
			<pointName>2470340</pointName>
			<planiStdDev>
				<mm>20.0</mm>
			</planiStdDev>
		</point>
		<point>
			<pointName>2470341</pointName>
			<planiStdDev>
				<mm>20.0</mm>
			</planiStdDev>
		</point>
		<point>
			<pointName>2470353</pointName>
			<planiStdDev>
				<mm>20.0</mm>
			</planiStdDev>
		</point>
		<point>
			<pointName>2470355</pointName>
			<planiStdDev>
				<mm>20.0</mm>
			</planiStdDev>
		</point>
		<point>
			<pointName>2470388</pointName>
			<planiStdDev>
				<mm>20.0</mm>
			</planiStdDev>
		</point>
		<point>
			<pointName>2470391</pointName>
			<planiStdDev>
				<mm>20.0</mm>
			</planiStdDev>
		</point>
		<point>
			<pointName>2470393</pointName>
			<planiStdDev>
				<mm>20.0</mm>
			</planiStdDev>
		</point>
		<point>
			<pointName>2470394</pointName>
			<planiStdDev>
				<mm>20.0</mm>
			</planiStdDev>
		</point>
		<point>
			<pointName>2470395</pointName>
			<planiStdDev>
				<mm>20.0</mm>
			</planiStdDev>
		</point>
		<point>
			<pointName>2470397</pointName>
			<planiStdDev>
				<mm>20.0</mm>
			</planiStdDev>
		</point>
		<point>
			<pointName>2470400</pointName>
			<planiStdDev>
				<mm>20.0</mm>
			</planiStdDev>
		</point>
		<point>
			<pointName>2470410</pointName>
			<planiStdDev>
				<mm>20.0</mm>
			</planiStdDev>
		</point>
	</planimetricControlPoints>
</parameters>